metric,UK,USA,Australia,Ireland,Canada,Croatia,France,Germany,Key_Finding
Total Reviews,3401,1316,313,257,202,174,122,80,UK dominates with 29.6%
Avg Rating,4.68,4.73,4.65,4.60,4.61,4.85,4.56,4.76,Croatia & Germany highest ratings
Positive %,73.2,74.8,71.2,71.6,76.2,78.2,69.7,81.2,Germany most satisfied (81.2%)
Negative %,1.9,2.7,2.6,1.9,4.0,0.6,2.5,0.0,Croatia & Germany least complaints
View Priority,High (2563),Medium (674),Medium (143),Medium (100),Medium (118),High (107),Medium (64),Medium (43),UK obsessed with views
Food Priority,High (2826),Highest (958),High (231),High (198),High (151),High (123),Good (86),Medium (54),USA most food-focused
Service Priority,High (1830),High (748),High (198),Medium (108),High (136),Medium (81),Medium (64),Medium (47),UK & USA demand best service
Staff vs Service,Service,Service,Service,STAFF,Service,Service,Service,Service,Ireland unique - values staff as people
Experience Factor,Medium (539),High (285),Medium (55),Medium (47),High (51),Medium (37),Low,Low,USA & Canada seek complete experience
Friendly Count,698,109,58,56,32,38,31,20,UK values friendliness most
Steak Preference,237,56,14,22,8,16,1,3,UK loves steak
Fish Preference,202,104,19,13,18,9,20,9,USA & France prefer fish
Seafood Focus,142,78,28,17,20,9,5,6,Australia loves seafood
Wine Mentions,652,305,57,27,45,31,18,11,UK & USA wine lovers
Wait Complaints,50,20,4,5,4,2,4,0,UK most impatient
Price Complaints,37,21,4,3,3,0,1,1,UK & USA most price-sensitive
Recommend Count,803,265,65,74,46,43,24,15,UK most likely to recommend
