Sekcija,Informacija,Vrijednost,Detalji,Link/Akcija
"OSNOVNE INFORMACIJE","Platforma","Dianping.com (Â§ß‰ºóÁÇπËØÑ)","Kineski TripAdvisor - najveƒáa platforma za recenzije restorana u Kini",https://www.dianping.com
"OSNOVNE INFORMACIJE","Lokacija","Dubrovnik, Hrvatska","Svi restorani su u Dubrovniku",https://www.dianping.com/dubrovnik
"OSNOVNE INFORMACIJE","Ukupan broj pronaƒëenih restorana","3 od 4","Arsenal, Panorama, Dubravka pronaƒëeni; Nautika nedostaje",
"OSNOVNE INFORMACIJE","Ukupno dostupnih recenzija","566+","189 (Arsenal) + 224 (Panorama) + 153 (Dubravka)",
"ARSENAL","Ime restorana","Gradska kavana Arsenal Restaurant","",
"ARSENAL","Broj recenzija","189","33% od ukupnih recenzija",
"ARSENAL","Cijena po osobi","¬•305 (‚Ç¨40)","Najvi≈°a cijena meƒëu pronaƒëenim restoranima",
"ARSENAL","Popularnost rang","#2","Drugi najpopularniji",
"ARSENAL","Tip kuhinje","Zapadna kuhinja (Ë•øÈ§ê)","",
"ARSENAL","Dianping link","https://www.dianping.com/shop/qB4r61...","Full encrypted ID link",
"ARSENAL","Status","‚úÖ Pronaƒëeno i aktivno","",
"ARSENAL","Preporuka","Premium VIP segment","Targetirati bogate kineske turiste i business travelers",
"PANORAMA","Ime restorana","Restaurant Panorama","",
"PANORAMA","Broj recenzija","224","40% od ukupnih recenzija - NAJVI≈†E!",
"PANORAMA","Cijena po osobi","¬•253 (‚Ç¨33)","Optimalan price point za kineske turiste",
"PANORAMA","Popularnost rang","#1 ü•á","NAJPOPULARNIJI meƒëu kineskim gostima!",
"PANORAMA","Tip kuhinje","Zapadna kuhinja (Ë•øÈ§ê)","",
"PANORAMA","Dianping link","https://www.dianping.com/shop/qB4r4d7...","Full encrypted ID link",
"PANORAMA","Status","‚úÖ Pronaƒëeno i aktivno","",
"PANORAMA","Preporuka","Maintain leadership","Nastaviti strong performance, odgovarati na recenzije aktivno",
"DUBRAVKA","Ime restorana","Dubravka 1836 Restaurant & Cafe","",
"DUBRAVKA","Broj recenzija","153","27% od ukupnih recenzija",
"DUBRAVKA","Cijena po osobi","¬•234 (‚Ç¨30)","Najni≈æa cijena - budget-friendly",
"DUBRAVKA","Popularnost rang","#3","Treƒái po popularnosti",
"DUBRAVKA","Tip kuhinje","Zapadna kuhinja (Ë•øÈ§ê)","Cafe format",
"DUBRAVKA","Dianping link","https://www.dianping.com/shop/qB4r617...","Full encrypted ID link",
"DUBRAVKA","Status","‚úÖ Pronaƒëeno i aktivno","",
"DUBRAVKA","Preporuka","Youth & value segment","Targetirati mlade kineske turiste (18-35 godina)",
"NAUTIKA","Ime restorana","Restaurant Nautika","",
"NAUTIKA","Broj recenzija","0","‚ùå Nema prisutnosti na Dianping-u",
"NAUTIKA","Cijena po osobi","N/A","",
"NAUTIKA","Popularnost rang","N/A","Nije pronaƒëeno",
"NAUTIKA","Tip kuhinje","N/A","",
"NAUTIKA","Dianping link","N/A","Treba kreirati profil",
"NAUTIKA","Status","‚ùå NIJE PRONAƒêENO","",
"NAUTIKA","Preporuka","URGENT: Kreirati profil","Ultra-premium positioning, partnerstvo sa 5-star hotelima",
"ALATI","Osnovni scraper","dianping_scraper.py","HTTP-based scraper za testiranje","Python script u repozitoriju"
"ALATI","Selenium scraper","dianping_selenium_scraper.py","‚≠ê Browser automation - PREPORUƒåENO za automatizaciju","Zahtijeva Selenium + ChromeDriver"
"ALATI","Manual ekstraktor","dianping_manual_extractor.py","‚≠ê HTML parser - PREPORUƒåENO za garantiran uspjeh","100% success rate"
"DOKUMENTACIJA","Kompletni vodiƒç","DIANPING_SCRAPING_GUIDE.md","Sve upute korak-po-korak","Vidi repozitorij"
"DOKUMENTACIJA","Business insights","DIANPING_RESULTS.md","Analiza i strategija","Vidi repozitorij"
"DOKUMENTACIJA","Quick start","README_DIANPING.md","Brz poƒçetak","Vidi repozitorij"
"CSV IZVJE≈†TAJI","Restorani i statistika","dianping_restorani_dubrovnik.csv","Osnovni podaci o svim restoranima","Ovaj repozitorij"
"CSV IZVJE≈†TAJI","Strategija i preporuke","dianping_strategija_preporuke.csv","Detaljne preporuke za svaki restoran","Ovaj repozitorij"
"CSV IZVJE≈†TAJI","Akcijski plan","dianping_akcijski_plan.csv","Timeline sa zadacima i tro≈°kovima","Ovaj repozitorij"
"CSV IZVJE≈†TAJI","Statistika i insights","dianping_statistika_insights.csv","Analitiƒçki insights i metr–∏–∫–µ","Ovaj repozitorij"
"CSV IZVJE≈†TAJI","Resursi i tro≈°kovi","dianping_resursi_troskovi.csv","Sve opcije sa cijenom i vremenom","Ovaj repozitorij"
"CSV IZVJE≈†TAJI","Master summary","dianping_master_summary.csv","Ovaj fajl - sve na jednom mjestu","‚≠ê START HERE"
"SLJEDEƒÜI KORACI - Tjedan 1","Odabir pristupa","Odluka: DIY, Freelancer, ili Agencija","Vidi akcijski plan CSV","Prioritet: VISOK"
"SLJEDEƒÜI KORACI - Tjedan 1","Test scraping","Pilot test na 1 restoranu","Provjeriti da alati rade","Prioritet: VISOK"
"SLJEDEƒÜI KORACI - Tjedan 2","Ekstrakcija svih recenzija","Scrape svih 566 recenzija","Koristiti odabrani pristup","Prioritet: VISOK"
"SLJEDEƒÜI KORACI - Tjedan 2","Prijevod","Prevesti top 50 recenzija","Google Translate ili profesionalno","Prioritet: SREDNJI"
"SLJEDEƒÜI KORACI - Tjedan 3","Nautika profil","Kreirati Dianping profil za Nautiku","Professional fotografije + opis","Prioritet: KRITIƒåAN"
"SLJEDEƒÜI KORACI - Tjedan 3","Odgovori na recenzije","Odgovoriti na top 20 recenzija po restoranu","Na kineskom jeziku","Prioritet: VISOK"
"SLJEDEƒÜI KORACI - Tjedan 4","Izvje≈°taj za prezentaciju","Kreirati PowerPoint/PDF za gazdinu prezentaciju","Sa svim insights i preporukama","Prioritet: VISOK"
"KONTAKTI I RESURSI","Python instalacija","python.org","Potrebno za pokretanje scrapers",https://www.python.org/downloads/
"KONTAKTI I RESURSI","Selenium dokumentacija","selenium.dev","Upute za Selenium setup",https://www.selenium.dev/documentation/
"KONTAKTI I RESURSI","ChromeDriver download","chromedriver.chromium.org","Potrebno za Selenium",https://chromedriver.chromium.org/
"KONTAKTI I RESURSI","Fiverr Dianping services","Fiverr.com","Freelanceri koji mogu pomoƒái",https://www.fiverr.com/search/gigs?query=dianping
"KONTAKTI I RESURSI","Dragon Social agencija","dragontrail.com","Kineski tourism marketing",https://www.dragontrail.com/
"KONTAKTI I RESURSI","Jing Social agencija","jingsocial.com","Premium Chinese digital marketing",https://jingsocial.com/
"TRO≈†KOVI - Quick Reference","DIY pristup (Selenium)","‚Ç¨0","Samo va≈°e vrijeme (3-7 dana)","‚≠ê PREPORUƒåENO ako imate vremena"
"TRO≈†KOVI - Quick Reference","Freelancer pristup","‚Ç¨20-‚Ç¨50","1-2 dana, garantirani rezultati","‚≠ê PREPORUƒåENO za quick start"
"TRO≈†KOVI - Quick Reference","Marketing agencija","‚Ç¨500-‚Ç¨2000/mjesec","Full-service kontinuirano","Za long-term strategiju"
"TRO≈†KOVI - Quick Reference","Prijevod recenzija","‚Ç¨100-‚Ç¨300","Top 50 recenzija profesionalno prevedeno","Opcional, ali recommended"
"TRO≈†KOVI - Quick Reference","Professional fotografije","‚Ç¨200-‚Ç¨500","Jednokratno, za Dianping profile","‚≠ê Highly recommended"
"ROI PROCJENA","Potencijal kineskih gostiju","20-30% poveƒáanje","Optimizacijom Dianping prisutnosti","Based on industry benchmarks"
"ROI PROCJENA","Prosjeƒçni spend kineskog turista","‚Ç¨80-‚Ç¨150 po obroku","Premium segment jo≈° vi≈°e","Kineski turisti opƒáenito big spenders"
"ROI PROCJENA","Breakeven point","1-2 mjeseca","Sa minimalnim investicijama (‚Ç¨500-1000)","Brz ROI na Dianping optimizaciju"
"ROI PROCJENA","Long-term value","‚Ç¨50,000-‚Ç¨200,000/godi≈°nje","Dodatni revenue od kineskog tr≈æi≈°ta","Sa proper Dianping management"